date,temperature,humidity,precipprob,snow,wind_speed,visibility,conditions,description
2023-01-01,23.2,84.1,0,0,20.5,7.3,Partially cloudy,Partly cloudy throughout the day.
2023-01-02,23.5,80.7,0,0,20.5,8.8,Partially cloudy,Partly cloudy throughout the day.
2023-01-03,24.8,78.3,0,0,16.6,9.0,Partially cloudy,Partly cloudy throughout the day.
2023-01-04,24.3,81.9,0,0,14.8,9.0,Partially cloudy,Partly cloudy throughout the day.
2023-01-05,23.4,78.1,0,0,16.6,9.0,Partially cloudy,Partly cloudy throughout the day.
2023-01-06,21.3,80.3,100,0,29.5,8.6,"Rain, Partially cloudy",Partly cloudy throughout the day with late afternoon rain.
2023-01-07,23.8,77.3,0,0,25.9,9.0,Partially cloudy,Partly cloudy throughout the day.
2023-01-08,22.9,81.5,0,0,20.5,9.0,Partially cloudy,Becoming cloudy in the afternoon.
2023-01-09,21.7,83.1,0,0,24.1,8.5,Partially cloudy,Partly cloudy throughout the day.
2023-01-10,19.0,81.1,0,0,20.5,8.5,Partially cloudy,Partly cloudy throughout the day.
2023-01-11,18.4,79.6,0,0,20.5,7.4,Partially cloudy,Partly cloudy throughout the day.
2023-01-12,18.2,73.4,0,0,13.0,8.8,Clear,Clear conditions throughout the day.
2023-01-13,19.2,76.5,0,0,29.5,8.6,Partially cloudy,Becoming cloudy in the afternoon.
2023-01-14,20.2,58.7,0,0,29.5,9.0,Partially cloudy,Partly cloudy throughout the day.
2023-01-15,16.3,69.9,0,0,20.5,9.0,Partially cloudy,Partly cloudy throughout the day.
2023-01-16,13.6,74.2,0,0,13.0,8.8,Clear,Clear conditions throughout the day.
2023-01-17,16.0,76.4,0,0,13.0,9.0,Clear,Clear conditions throughout the day.
2023-01-18,19.9,75.5,0,0,18.4,9.0,Partially cloudy,Partly cloudy throughout the day.
2023-01-19,21.7,75.9,0,0,14.8,9.1,Clear,Clear conditions throughout the day.
2023-01-20,21.4,77.4,0,0,24.1,8.8,Clear,Clear conditions throughout the day.
2023-01-21,21.3,78.9,0,0,14.8,8.9,Partially cloudy,Becoming cloudy in the afternoon.
2023-01-22,23.0,78.0,0,0,20.5,8.8,Partially cloudy,Partly cloudy throughout the day.
2023-01-23,25.0,78.1,0,0,14.8,9.0,Partially cloudy,Partly cloudy throughout the day.
2023-01-24,23.7,76.4,0,0,23.0,8.8,Partially cloudy,Partly cloudy throughout the day.
2023-01-25,24.6,76.4,0,0,18.4,9.0,Partially cloudy,Partly cloudy throughout the day.
2023-01-26,23.7,82.9,0,0,27.7,8.8,Partially cloudy,Partly cloudy throughout the day.
2023-01-27,21.9,83.4,0,0,24.1,8.8,Overcast,Cloudy skies throughout the day.
2023-01-28,24.5,78.5,0,0,27.7,8.8,Partially cloudy,Partly cloudy throughout the day.
2023-01-29,24.5,76.3,0,0,22.3,9.0,Partially cloudy,Partly cloudy throughout the day.
2023-01-30,23.5,74.1,0,0,22.3,8.8,Partially cloudy,Partly cloudy throughout the day.
2023-01-31,24.5,74.3,0,0,16.6,9.0,Partially cloudy,Partly cloudy throughout the day.
2023-02-01,23.8,78.8,0,0,16.6,9.0,Partially cloudy,Partly cloudy throughout the day.
2023-02-02,23.9,77.2,0,0,14.8,9.0,Partially cloudy,Partly cloudy throughout the day.
2023-02-03,24.0,74.1,0,0,16.6,8.5,Partially cloudy,Partly cloudy throughout the day.
2023-02-04,22.5,86.4,100,0,25.9,8.5,"Rain, Partially cloudy",Partly cloudy throughout the day with late afternoon rain.
2023-02-05,23.9,75.2,0,0,18.4,9.0,Partially cloudy,Partly cloudy throughout the day.
2023-02-06,23.0,81.5,0,0,24.1,8.5,Partially cloudy,Partly cloudy throughout the day.
2023-02-07,24.5,75.8,0,0,25.9,9.0,Partially cloudy,Partly cloudy throughout the day.
2023-02-08,24.3,74.8,0,0,29.5,9.0,Partially cloudy,Partly cloudy throughout the day.
2023-02-09,25.3,70.8,0,0,18.4,9.0,Partially cloudy,Partly cloudy throughout the day.
2023-02-10,24.1,76.5,0,0,18.4,9.0,Partially cloudy,Partly cloudy throughout the day.
2023-02-11,23.0,79.1,0,0,16.6,8.5,Partially cloudy,Partly cloudy throughout the day.
2023-02-12,21.1,79.4,0,0,24.1,8.8,Partially cloudy,Partly cloudy throughout the day.
2023-02-13,20.0,63.7,0,0,20.5,9.0,Partially cloudy,Partly cloudy throughout the day.
2023-02-14,18.7,73.6,0,0,14.8,8.5,Partially cloudy,Partly cloudy throughout the day.
2023-02-15,22.1,73.1,0,0,14.8,9.3,Partially cloudy,Partly cloudy throughout the day.
2023-02-16,24.0,72.1,0,0,20.5,9.0,Partially cloudy,Partly cloudy throughout the day.
2023-02-17,22.4,78.2,0,0,18.4,7.7,Partially cloudy,Partly cloudy throughout the day.
2023-02-18,22.7,82.5,0,0,31.7,6.8,Partially cloudy,Partly cloudy throughout the day.
2023-02-19,23.5,74.9,0,0,24.1,9.0,Partially cloudy,Partly cloudy throughout the day.
2023-02-20,22.6,74.9,100,0,16.6,9.0,"Rain, Partially cloudy",Partly cloudy throughout the day with afternoon rain.
2023-02-21,22.5,75.4,0,0,14.8,8.7,Partially cloudy,Becoming cloudy in the afternoon.
2023-02-22,24.6,74.0,0,0,18.4,8.7,Partially cloudy,Partly cloudy throughout the day.
2023-02-23,24.8,73.6,0,0,14.8,8.5,Partially cloudy,Partly cloudy throughout the day.
2023-02-24,24.6,72.8,0,0,29.5,9.0,Partially cloudy,Partly cloudy throughout the day.
2023-02-25,24.1,72.6,0,0,27.7,9.0,Partially cloudy,Partly cloudy throughout the day.
2023-02-26,24.0,70.5,0,0,22.3,9.0,Partially cloudy,Partly cloudy throughout the day.
2023-02-27,23.0,64.9,0,0,18.4,9.0,Clear,Clear conditions throughout the day.
2023-02-28,21.9,68.0,0,0,14.8,8.8,Clear,Clear conditions throughout the day.
2023-03-01,22.5,67.5,0,0,16.6,8.8,Clear,Clear conditions throughout the day.
2023-03-02,24.0,68.7,0,0,22.3,8.7,Clear,Clear conditions throughout the day.
2023-03-03,25.2,71.8,0,0,27.7,8.8,Partially cloudy,Partly cloudy throughout the day.
2023-03-04,25.1,67.6,0,0,22.3,9.0,Partially cloudy,Partly cloudy throughout the day.
2023-03-05,23.9,74.4,0,0,22.3,8.8,Partially cloudy,Becoming cloudy in the afternoon.
2023-03-06,25.6,69.0,0,0,27.7,8.9,Partially cloudy,Partly cloudy throughout the day.
2023-03-07,23.2,74.5,0,0,25.9,7.9,Partially cloudy,Partly cloudy throughout the day.
2023-03-08,23.1,76.6,0,0,22.3,8.7,Partially cloudy,Partly cloudy throughout the day.
2023-03-09,23.1,74.8,0,0,25.9,8.3,Partially cloudy,Partly cloudy throughout the day.
2023-03-10,23.5,68.1,0,0,22.3,9.0,Partially cloudy,Partly cloudy throughout the day.
2023-03-11,24.0,70.7,0,0,20.5,9.0,Partially cloudy,Partly cloudy throughout the day.
2023-03-12,24.0,71.4,0,0,20.5,8.9,Partially cloudy,Partly cloudy throughout the day.
2023-03-13,24.9,72.2,0,0,24.1,8.9,Partially cloudy,Partly cloudy throughout the day.
2023-03-14,25.0,78.1,0,0,24.1,8.9,Partially cloudy,Partly cloudy throughout the day.
2023-03-15,23.1,77.5,0,0,37.1,9.0,Partially cloudy,Partly cloudy throughout the day.
2023-03-16,22.0,64.6,0,0,29.5,9.0,Partially cloudy,Partly cloudy throughout the day.
2023-03-17,23.8,59.9,0,0,18.4,9.0,Partially cloudy,Becoming cloudy in the afternoon.
2023-03-18,24.2,71.1,0,0,22.3,9.0,Partially cloudy,Partly cloudy throughout the day.
2023-03-19,22.6,91.3,100,0,25.9,7.3,"Rain, Partially cloudy",Partly cloudy throughout the day with rain.
2023-03-20,20.7,83.2,100,0,25.9,8.4,"Rain, Partially cloudy",Partly cloudy throughout the day with early morning rain.
2023-03-21,23.6,74.1,0,0,27.7,9.0,Partially cloudy,Partly cloudy throughout the day.
2023-03-22,24.1,70.6,0,0,29.5,9.0,Partially cloudy,Partly cloudy throughout the day.
2023-03-23,23.8,73.2,0,0,31.7,9.0,Partially cloudy,Partly cloudy throughout the day.
2023-03-24,25.3,75.0,0,0,18.4,9.1,Partially cloudy,Partly cloudy throughout the day.
2023-03-25,25.9,76.3,0,0,20.5,9.0,Partially cloudy,Partly cloudy throughout the day.
2023-03-26,26.2,71.7,0,0,18.4,9.0,Partially cloudy,Partly cloudy throughout the day.
2023-03-27,25.8,73.1,0,0,14.8,9.0,Partially cloudy,Partly cloudy throughout the day.
2023-03-28,26.0,73.8,0,0,18.4,9.0,Partially cloudy,Partly cloudy throughout the day.
2023-03-29,25.4,73.5,0,0,25.9,9.0,Partially cloudy,Becoming cloudy in the afternoon.
2023-03-30,24.9,75.5,0,0,24.1,8.8,Partially cloudy,Partly cloudy throughout the day.
2023-03-31,24.3,81.2,100,0,29.5,7.9,"Rain, Partially cloudy",Partly cloudy throughout the day with late afternoon rain.
2023-04-01,26.1,71.5,100,0,20.5,9.0,"Rain, Partially cloudy",Partly cloudy throughout the day with rain.
2023-04-02,25.0,74.5,0,0,24.1,9.0,Partially cloudy,Partly cloudy throughout the day.
2023-04-03,26.0,71.4,0,0,16.6,9.0,Partially cloudy,Partly cloudy throughout the day.
2023-04-04,26.1,69.9,0,0,24.1,9.0,Partially cloudy,Becoming cloudy in the afternoon.
2023-04-05,26.3,70.0,0,0,25.9,9.0,Partially cloudy,Becoming cloudy in the afternoon.
2023-04-06,26.3,70.8,100,0,29.5,8.9,"Rain, Partially cloudy",Becoming cloudy in the afternoon with late afternoon rain.
2023-04-07,25.2,72.7,0,0,31.7,9.0,Partially cloudy,Partly cloudy throughout the day.
2023-04-08,23.2,75.7,0,0,18.4,9.0,Partially cloudy,Partly cloudy throughout the day.
2023-04-09,23.9,76.1,0,0,22.3,9.0,Partially cloudy,Partly cloudy throughout the day.
2023-04-10,23.9,77.1,0,0,20.5,9.0,Partially cloudy,Partly cloudy throughout the day.
2023-04-11,24.3,75.1,0,0,16.6,9.0,Partially cloudy,Partly cloudy throughout the day.
2023-04-12,24.8,77.4,0,0,22.3,9.0,Partially cloudy,Partly cloudy throughout the day.
2023-04-13,25.3,75.4,0,0,16.6,9.0,Partially cloudy,Partly cloudy throughout the day.
2023-04-14,26.0,70.3,0,0,13.0,9.0,Partially cloudy,Partly cloudy throughout the day.
2023-04-15,26.9,69.4,0,0,16.6,8.8,Partially cloudy,Partly cloudy throughout the day.
2023-04-16,26.7,71.7,0,0,25.9,9.0,Partially cloudy,Partly cloudy throughout the day.
2023-04-17,24.3,76.9,0,0,27.7,9.0,Partially cloudy,Partly cloudy throughout the day.
2023-04-18,24.1,63.5,0,0,24.1,9.2,Partially cloudy,Partly cloudy throughout the day.
2023-04-19,24.5,73.5,100,0,31.7,9.0,"Rain, Partially cloudy",Partly cloudy throughout the day with late afternoon rain.
2023-04-20,24.7,73.6,100,0,16.6,8.7,"Rain, Partially cloudy",Partly cloudy throughout the day with late afternoon rain.
2023-04-21,24.8,74.0,0,0,16.6,9.0,Partially cloudy,Becoming cloudy in the afternoon.
2023-04-22,25.6,75.0,0,0,20.5,9.0,Partially cloudy,Partly cloudy throughout the day.
2023-04-23,25.0,79.6,0,0,22.3,8.7,Partially cloudy,Partly cloudy throughout the day.
2023-04-24,25.8,73.1,0,0,24.1,9.0,Partially cloudy,Partly cloudy throughout the day.
2023-04-25,25.2,77.9,100,0,18.4,8.9,"Rain, Partially cloudy",Partly cloudy throughout the day with late afternoon rain.
2023-04-26,25.8,74.1,0,0,11.2,8.9,Partially cloudy,Becoming cloudy in the afternoon.
2023-04-27,26.6,75.3,0,0,18.4,9.0,Partially cloudy,Partly cloudy throughout the day.
2023-04-28,26.4,74.2,0,0,20.5,9.0,Partially cloudy,Partly cloudy throughout the day.
2023-04-29,27.5,72.6,0,0,29.5,9.0,Partially cloudy,Partly cloudy throughout the day.
2023-04-30,24.9,81.0,100,0,25.9,8.2,"Rain, Partially cloudy",Partly cloudy throughout the day with rain.
2023-05-01,22.8,75.5,0,0,16.6,9.0,Partially cloudy,Partly cloudy throughout the day.
2023-05-02,25.0,73.1,0,0,13.0,9.0,Partially cloudy,Becoming cloudy in the afternoon.
2023-05-03,25.7,81.8,0,0,22.3,9.0,Partially cloudy,Partly cloudy throughout the day.
2023-05-04,25.3,78.1,0,0,22.3,8.9,Partially cloudy,Partly cloudy throughout the day.
2023-05-05,25.8,76.9,0,0,22.3,8.5,Clear,Clear conditions throughout the day.
2023-05-06,26.0,78.9,0,0,27.7,9.0,Partially cloudy,Partly cloudy throughout the day.
2023-05-07,26.4,76.5,0,0,25.9,9.0,Partially cloudy,Partly cloudy throughout the day.
2023-05-08,25.6,76.4,0,0,27.7,9.0,Partially cloudy,Partly cloudy throughout the day.
2023-05-09,25.5,82.4,100,0,25.9,8.7,"Rain, Partially cloudy",Partly cloudy throughout the day with late afternoon rain.
2023-05-10,25.6,86.9,100,0,27.7,8.7,"Rain, Partially cloudy",Becoming cloudy in the afternoon with late afternoon rain.
2023-05-11,27.2,81.5,0,0,25.9,9.0,Partially cloudy,Partly cloudy throughout the day.
2023-05-12,24.7,87.4,100,0,31.7,8.6,"Rain, Partially cloudy",Partly cloudy throughout the day with rain.
2023-05-13,25.5,82.9,0,0,29.5,8.7,Partially cloudy,Partly cloudy throughout the day.
2023-05-14,26.2,79.7,0,0,25.9,9.0,Partially cloudy,Partly cloudy throughout the day.
2023-05-15,26.2,81.3,0,0,20.5,9.0,Partially cloudy,Partly cloudy throughout the day.
2023-05-16,25.9,79.1,0,0,20.5,9.0,Partially cloudy,Partly cloudy throughout the day.
2023-05-17,25.1,82.9,0,0,13.0,8.3,Partially cloudy,Partly cloudy throughout the day.
2023-05-18,25.9,80.8,100,0,14.4,8.4,"Rain, Partially cloudy",Partly cloudy throughout the day with late afternoon rain.
2023-05-19,26.3,77.7,100,0,20.5,8.8,"Rain, Partially cloudy",Partly cloudy throughout the day with late afternoon rain.
2023-05-20,26.8,78.7,0,0,22.3,8.9,Partially cloudy,Partly cloudy throughout the day.
2023-05-21,26.8,78.3,0,0,22.3,8.8,Partially cloudy,Partly cloudy throughout the day.
2023-05-22,26.6,77.8,0,0,22.3,8.6,Partially cloudy,Partly cloudy throughout the day.
2023-05-23,26.3,78.0,100,0,18.4,9.0,"Rain, Partially cloudy",Becoming cloudy in the afternoon with late afternoon rain.
2023-05-24,25.2,84.8,100,0,14.8,8.7,"Rain, Partially cloudy",Partly cloudy throughout the day with late afternoon rain.
2023-05-25,24.9,81.7,100,0,14.8,8.5,"Rain, Partially cloudy",Partly cloudy throughout the day with late afternoon rain.
2023-05-26,25.3,78.2,0,0,20.5,8.6,Partially cloudy,Partly cloudy throughout the day.
2023-05-27,25.1,79.5,100,0,18.4,9.0,"Rain, Partially cloudy",Partly cloudy throughout the day with late afternoon rain.
2023-05-28,26.4,77.5,0,0,20.5,8.9,Partially cloudy,Partly cloudy throughout the day.
2023-05-29,25.8,82.4,0,0,20.5,8.4,Partially cloudy,Partly cloudy throughout the day.
2023-05-30,25.3,84.1,100,0,18.4,8.4,"Rain, Partially cloudy",Partly cloudy throughout the day with late afternoon rain.
2023-05-31,24.6,88.6,100,0,14.8,9.0,"Rain, Partially cloudy",Partly cloudy throughout the day with afternoon rain.
2023-06-01,24.7,91.0,100,0,25.9,8.3,"Rain, Partially cloudy",Partly cloudy throughout the day with late afternoon rain.
2023-06-02,24.7,88.2,100,0,20.5,8.5,"Rain, Partially cloudy",Partly cloudy throughout the day with late afternoon rain.
2023-06-03,25.5,84.5,100,0,20.5,8.7,"Rain, Partially cloudy",Partly cloudy throughout the day with late afternoon rain.
2023-06-04,26.4,85.3,100,0,22.3,8.7,"Rain, Partially cloudy",Partly cloudy throughout the day with late afternoon rain.
2023-06-05,25.7,78.5,0,0,20.5,9.0,Partially cloudy,Partly cloudy throughout the day.
2023-06-06,26.1,80.2,0,0,13.0,9.0,Partially cloudy,Partly cloudy throughout the day.
2023-06-07,27.1,78.5,0,0,18.4,9.0,Partially cloudy,Partly cloudy throughout the day.
2023-06-08,26.3,85.4,100,0,20.5,8.8,"Rain, Partially cloudy",Partly cloudy throughout the day with late afternoon rain.
2023-06-09,25.8,88.6,100,0,13.0,8.9,"Rain, Partially cloudy",Partly cloudy throughout the day with afternoon rain.
2023-06-10,26.0,84.2,100,0,13.0,8.5,"Rain, Partially cloudy",Partly cloudy throughout the day with late afternoon rain.
2023-06-11,26.9,84.7,100,0,16.6,8.8,"Rain, Partially cloudy",Partly cloudy throughout the day with late afternoon rain.
2023-06-12,26.7,87.8,100,0,18.4,8.5,"Rain, Partially cloudy",Partly cloudy throughout the day with rain.
2023-06-13,27.8,79.4,0,0,13.0,9.0,Partially cloudy,Partly cloudy throughout the day.
2023-06-14,28.4,76.8,0,0,14.8,9.0,Partially cloudy,Partly cloudy throughout the day.
2023-06-15,28.5,76.6,0,0,14.8,8.9,Partially cloudy,Partly cloudy throughout the day.
2023-06-16,28.9,78.0,100,0,13.0,9.0,"Rain, Partially cloudy",Partly cloudy throughout the day with late afternoon rain.
2023-06-17,29.1,77.7,0,0,13.0,9.0,Partially cloudy,Partly cloudy throughout the day.
2023-06-18,29.3,72.9,0,0,14.8,8.7,Partially cloudy,Partly cloudy throughout the day.
2023-06-19,28.5,74.7,0,0,22.3,8.6,Partially cloudy,Partly cloudy throughout the day.
2023-06-20,28.1,74.0,0,0,16.6,9.0,Partially cloudy,Becoming cloudy in the afternoon.
2023-06-21,28.5,69.6,0,0,18.4,9.0,Partially cloudy,Partly cloudy throughout the day.
2023-06-22,28.4,74.7,100,0,16.6,8.6,"Rain, Partially cloudy",Partly cloudy throughout the day with rain.
2023-06-23,28.3,79.4,100,0,16.6,8.7,"Rain, Partially cloudy",Partly cloudy throughout the day with late afternoon rain.
2023-06-24,27.7,83.6,100,0,24.1,8.5,"Rain, Partially cloudy",Partly cloudy throughout the day with late afternoon rain.
2023-06-25,26.3,85.7,100,0,18.4,8.7,"Rain, Partially cloudy",Becoming cloudy in the afternoon with late afternoon rain.
2023-06-26,26.4,86.2,100,0,22.3,8.4,"Rain, Partially cloudy",Partly cloudy throughout the day with late afternoon rain.
2023-06-27,26.3,85.5,100,0,13.0,8.1,"Rain, Partially cloudy",Partly cloudy throughout the day with afternoon rain.
2023-06-28,27.4,79.4,0,0,22.3,7.9,Partially cloudy,Partly cloudy throughout the day.
2023-06-29,27.6,80.3,0,0,24.1,9.0,Partially cloudy,Partly cloudy throughout the day.
2023-06-30,27.2,77.4,0,0,20.5,9.1,Partially cloudy,Partly cloudy throughout the day.
2023-07-01,26.7,83.2,100,0,18.4,9.0,"Rain, Partially cloudy",Partly cloudy throughout the day with late afternoon rain.
2023-07-02,27.7,80.0,0,0,11.2,9.0,Partially cloudy,Partly cloudy throughout the day.
2023-07-03,28.6,75.9,0,0,16.6,8.9,Partially cloudy,Partly cloudy throughout the day.
2023-07-04,28.8,78.1,0,0,22.3,8.9,Partially cloudy,Partly cloudy throughout the day.
2023-07-05,28.1,80.4,100,0,27.7,8.8,"Rain, Partially cloudy",Partly cloudy throughout the day with late afternoon rain.
2023-07-06,27.3,82.5,100,0,18.4,8.8,"Rain, Partially cloudy",Partly cloudy throughout the day with afternoon rain.
2023-07-07,27.7,80.1,100,0,20.5,8.8,"Rain, Partially cloudy",Partly cloudy throughout the day with late afternoon rain.
2023-07-08,27.8,80.0,100,0,13.0,8.8,"Rain, Partially cloudy",Partly cloudy throughout the day with late afternoon rain.
2023-07-09,28.0,79.7,100,0,20.5,9.0,"Rain, Partially cloudy",Partly cloudy throughout the day with late afternoon rain.
2023-07-10,28.8,76.4,100,0,14.8,9.0,"Rain, Partially cloudy",Partly cloudy throughout the day with late afternoon rain.
2023-07-11,28.8,79.6,0,0,22.3,8.7,Partially cloudy,Partly cloudy throughout the day.
2023-07-12,29.0,80.7,0,0,24.1,9.0,Partially cloudy,Partly cloudy throughout the day.
2023-07-13,29.3,78.8,0,0,24.1,8.8,Partially cloudy,Partly cloudy throughout the day.
2023-07-14,28.0,82.6,100,0,22.3,8.9,"Rain, Partially cloudy",Partly cloudy throughout the day with late afternoon rain.
2023-07-15,28.0,79.8,100,0,18.4,8.9,"Rain, Partially cloudy",Partly cloudy throughout the day with late afternoon rain.
2023-07-16,29.2,77.6,0,0,20.5,8.7,Partially cloudy,Partly cloudy throughout the day.
2023-07-17,29.1,76.9,0,0,22.3,8.7,Partially cloudy,Partly cloudy throughout the day.
2023-07-18,28.3,79.7,100,0,24.1,8.9,"Rain, Partially cloudy",Partly cloudy throughout the day with late afternoon rain.
2023-07-19,27.7,80.7,0,0,18.4,9.0,Partially cloudy,Partly cloudy throughout the day.
2023-07-20,28.0,85.0,100,0,24.1,8.3,"Rain, Partially cloudy",Partly cloudy throughout the day with late afternoon rain.
2023-07-21,28.3,79.4,0,0,20.5,9.0,Partially cloudy,Partly cloudy throughout the day.
2023-07-22,29.3,75.3,0,0,20.5,8.5,Clear,Clear conditions throughout the day.
2023-07-23,29.7,74.4,0,0,18.4,8.9,Clear,Clear conditions throughout the day.
2023-07-24,29.9,75.4,0,0,25.9,7.8,Partially cloudy,Partly cloudy throughout the day.
2023-07-25,29.0,78.6,0,0,31.7,8.6,Partially cloudy,Partly cloudy throughout the day.
2023-07-26,27.0,82.8,0,0,35.3,9.0,Partially cloudy,Partly cloudy throughout the day.
2023-07-27,27.6,80.9,0,0,25.9,9.0,Partially cloudy,Partly cloudy throughout the day.
2023-07-28,28.5,75.7,0,0,20.5,9.2,Partially cloudy,Partly cloudy throughout the day.
2023-07-29,28.4,79.1,100,0,25.9,9.0,"Rain, Partially cloudy",Partly cloudy throughout the day with late afternoon rain.
2023-07-30,28.3,77.5,0,0,22.3,9.0,Partially cloudy,Partly cloudy throughout the day.
2023-07-31,26.2,88.1,100,0,20.5,8.6,"Rain, Partially cloudy",Partly cloudy throughout the day with late afternoon rain.
2023-08-01,28.2,79.2,100,0,18.4,8.8,"Rain, Partially cloudy",Partly cloudy throughout the day with early morning rain.
2023-08-02,28.3,77.2,0,0,18.4,7.8,Partially cloudy,Partly cloudy throughout the day.
2023-08-03,28.4,75.8,0,0,14.8,8.7,Partially cloudy,Partly cloudy throughout the day.
2023-08-04,28.9,75.4,100,0,18.4,8.9,"Rain, Partially cloudy",Partly cloudy throughout the day with afternoon rain.
2023-08-05,28.6,76.6,0,0,18.4,8.3,Partially cloudy,Partly cloudy throughout the day.
2023-08-06,29.0,77.2,0,0,22.3,8.6,Partially cloudy,Partly cloudy throughout the day.
2023-08-07,29.6,77.3,100,0,22.3,9.0,"Rain, Partially cloudy",Partly cloudy throughout the day with late afternoon rain.
2023-08-08,29.2,80.7,0,0,25.9,8.9,Partially cloudy,Partly cloudy throughout the day.
2023-08-09,29.3,75.5,0,0,18.4,8.9,Partially cloudy,Becoming cloudy in the afternoon.
2023-08-10,29.6,75.2,0,0,20.5,9.0,Partially cloudy,Partly cloudy throughout the day.
2023-08-11,29.1,78.5,0,0,22.3,8.8,Partially cloudy,Partly cloudy throughout the day.
2023-08-12,26.6,89.2,100,0,25.0,8.6,"Rain, Partially cloudy",Partly cloudy throughout the day with late afternoon rain.
2023-08-13,28.6,79.4,0,0,16.6,9.0,Partially cloudy,Partly cloudy throughout the day.
2023-08-14,27.1,87.1,100,0,25.9,8.9,"Rain, Partially cloudy",Partly cloudy throughout the day with late afternoon rain.
2023-08-15,25.8,90.0,0,0,22.3,7.8,Partially cloudy,Partly cloudy throughout the day.
2023-08-16,25.3,88.8,0,0,20.5,9.0,Partially cloudy,Partly cloudy throughout the day.
2023-08-17,28.8,78.4,0,0,16.6,8.9,Partially cloudy,Partly cloudy throughout the day.
2023-08-18,29.0,80.8,0,0,24.1,8.9,Partially cloudy,Partly cloudy throughout the day.
2023-08-19,26.9,88.1,0,0,22.3,8.8,Partially cloudy,Partly cloudy throughout the day.
2023-08-20,27.3,79.2,0,0,18.4,9.0,Partially cloudy,Partly cloudy throughout the day.
2023-08-21,27.7,80.1,0,0,27.7,8.7,Partially cloudy,Partly cloudy throughout the day.
2023-08-22,28.3,78.6,0,0,33.5,9.0,Partially cloudy,Partly cloudy throughout the day.
2023-08-23,26.8,83.1,0,0,25.9,9.0,Partially cloudy,Partly cloudy throughout the day.
2023-08-24,27.2,85.9,100,0,20.5,8.7,"Rain, Partially cloudy",Partly cloudy throughout the day with morning rain.
2023-08-25,28.1,80.6,0,0,22.3,8.9,Partially cloudy,Partly cloudy throughout the day.
2023-08-26,26.8,86.3,0,0,25.9,8.3,Partially cloudy,Partly cloudy throughout the day.
2023-08-27,25.7,92.4,100,0,18.4,8.5,"Rain, Partially cloudy",Partly cloudy throughout the day with afternoon rain.
2023-08-28,26.0,92.8,0,0,16.6,8.8,Partially cloudy,Partly cloudy throughout the day.
2023-08-29,26.1,96.1,100,0,29.5,6.6,"Rain, Overcast",Cloudy skies throughout the day with afternoon rain.
2023-08-30,28.6,87.8,0,0,22.3,8.8,Partially cloudy,Partly cloudy throughout the day.
2023-08-31,29.3,83.9,0,0,18.4,8.9,Partially cloudy,Partly cloudy throughout the day.
2023-09-01,28.6,81.3,0,0,24.1,9.0,Partially cloudy,Partly cloudy throughout the day.
2023-09-02,28.2,83.1,0,0,20.5,8.4,Partially cloudy,Partly cloudy throughout the day.
2023-09-03,27.8,77.1,0,0,25.9,9.0,Partially cloudy,Partly cloudy throughout the day.
2023-09-04,27.2,79.2,0,0,16.6,9.0,Partially cloudy,Becoming cloudy in the afternoon.
2023-09-05,28.8,80.1,0,0,14.8,9.0,Partially cloudy,Partly cloudy throughout the day.
2023-09-06,28.1,79.5,0,0,22.3,8.9,Partially cloudy,Partly cloudy throughout the day.
2023-09-07,27.3,78.6,100,0,24.1,8.6,"Rain, Partially cloudy",Partly cloudy throughout the day with morning rain.
2023-09-08,26.7,76.4,0,0,18.4,9.0,Partially cloudy,Partly cloudy throughout the day.
2023-09-09,25.8,89.7,0,0,13.0,8.6,Partially cloudy,Partly cloudy throughout the day.
2023-09-10,26.1,87.5,0,0,18.4,7.9,Partially cloudy,Becoming cloudy in the afternoon.
2023-09-11,28.0,81.3,0,0,20.5,8.3,Partially cloudy,Becoming cloudy in the afternoon.
2023-09-12,27.8,81.8,0,0,24.1,9.0,Partially cloudy,Partly cloudy throughout the day.
2023-09-13,27.4,82.5,0,0,24.1,8.9,Partially cloudy,Partly cloudy throughout the day.
2023-09-14,27.7,82.0,100,0,20.5,8.5,"Rain, Partially cloudy",Partly cloudy throughout the day with morning rain.
2023-09-15,27.2,81.2,0,0,16.6,8.0,Partially cloudy,Partly cloudy throughout the day.
2023-09-16,27.2,78.6,0,0,20.5,8.9,Partially cloudy,Becoming cloudy in the afternoon.
2023-09-17,27.2,79.5,0,0,18.4,8.8,Partially cloudy,Partly cloudy throughout the day.
2023-09-18,27.1,81.3,0,0,14.8,8.2,Partially cloudy,Partly cloudy throughout the day.
2023-09-19,27.7,78.4,100,0,18.4,8.3,"Rain, Partially cloudy",Partly cloudy throughout the day with rain.
2023-09-20,26.7,82.9,100,0,14.8,9.0,"Rain, Partially cloudy",Partly cloudy throughout the day with afternoon rain.
2023-09-21,26.0,88.1,0,0,14.8,9.0,Partially cloudy,Partly cloudy throughout the day.
2023-09-22,26.0,86.9,0,0,16.6,8.6,Partially cloudy,Partly cloudy throughout the day.
2023-09-23,25.7,88.8,0,0,16.6,7.8,Partially cloudy,Partly cloudy throughout the day.
2023-09-24,25.3,89.0,0,0,16.6,8.7,Partially cloudy,Partly cloudy throughout the day.
2023-09-25,26.9,81.1,0,0,13.0,9.0,Partially cloudy,Partly cloudy throughout the day.
2023-09-26,26.1,87.3,0,0,14.8,8.9,Partially cloudy,Partly cloudy throughout the day.
2023-09-27,26.3,84.6,0,0,13.0,8.9,Partially cloudy,Partly cloudy throughout the day.
2023-09-28,26.7,88.8,0,0,16.6,9.0,Partially cloudy,Partly cloudy throughout the day.
2023-09-29,26.7,88.8,0,0,20.5,8.8,Partially cloudy,Partly cloudy throughout the day.
2023-09-30,26.8,89.0,0,0,16.6,8.5,Partially cloudy,Partly cloudy throughout the day.
2023-10-01,26.7,92.4,0,0,20.5,8.1,Partially cloudy,Partly cloudy throughout the day.
2023-10-02,27.3,84.2,0,0,25.9,8.8,Partially cloudy,Partly cloudy throughout the day.
2023-10-03,26.1,88.4,100,0,35.3,8.7,"Rain, Partially cloudy",Partly cloudy throughout the day with afternoon rain.
2023-10-04,26.4,85.8,0,0,22.3,8.9,Partially cloudy,Partly cloudy throughout the day.
2023-10-05,26.5,84.1,100,0,18.4,9.0,"Rain, Partially cloudy",Partly cloudy throughout the day with afternoon rain.
2023-10-06,26.4,84.0,0,0,14.8,8.9,Partially cloudy,Partly cloudy throughout the day.
2023-10-07,26.6,81.9,0,0,18.4,8.9,Partially cloudy,Partly cloudy throughout the day.
2023-10-08,26.5,82.1,0,0,13.0,8.2,Partially cloudy,Becoming cloudy in the afternoon.
2023-10-09,26.8,81.1,0,0,16.6,7.2,Partially cloudy,Partly cloudy throughout the day.
2023-10-10,27.7,78.0,0,0,14.8,8.5,Partially cloudy,Partly cloudy throughout the day.
2023-10-11,27.2,88.5,0,0,14.8,8.9,Partially cloudy,Partly cloudy throughout the day.
2023-10-12,29.0,78.4,0,0,22.3,9.0,Partially cloudy,Partly cloudy throughout the day.
2023-10-13,27.3,84.3,0,0,14.8,9.0,Partially cloudy,Partly cloudy throughout the day.
2023-10-14,26.2,83.5,0,0,11.2,9.0,Partially cloudy,Partly cloudy throughout the day.
2023-10-15,26.1,86.2,0,0,22.3,8.9,Partially cloudy,Partly cloudy throughout the day.
2023-10-16,25.8,71.4,0,0,25.9,8.8,Partially cloudy,Partly cloudy throughout the day.
2023-10-17,23.4,67.6,0,0,25.9,9.0,Partially cloudy,Partly cloudy throughout the day.
2023-10-18,23.5,67.4,0,0,25.9,9.0,Partially cloudy,Partly cloudy throughout the day.
2023-10-19,25.5,80.8,0,0,24.1,8.9,Partially cloudy,Partly cloudy throughout the day.
2023-10-20,24.6,84.3,100,0,22.3,8.8,"Rain, Partially cloudy",Partly cloudy throughout the day with afternoon rain.
2023-10-21,22.8,79.0,0,0,20.5,8.5,Partially cloudy,Partly cloudy throughout the day.
2023-10-22,23.3,78.4,0,0,18.4,9.0,Partially cloudy,Partly cloudy throughout the day.
2023-10-23,23.8,79.1,0,0,24.1,9.0,Partially cloudy,Partly cloudy throughout the day.
2023-10-24,24.3,76.6,0,0,27.7,9.3,Partially cloudy,Partly cloudy throughout the day.
2023-10-25,25.3,78.1,100,0,27.7,8.7,"Rain, Partially cloudy",Partly cloudy throughout the day with late afternoon rain.
2023-10-26,25.1,79.1,0,0,25.9,9.0,Partially cloudy,Partly cloudy throughout the day.
2023-10-27,24.9,76.9,100,0,27.7,9.0,"Rain, Partially cloudy",Partly cloudy throughout the day with early morning rain.
2023-10-28,25.0,77.0,100,0,25.9,9.3,"Rain, Partially cloudy",Partly cloudy throughout the day with late afternoon rain.
2023-10-29,24.0,83.3,0,0,24.1,9.0,Partially cloudy,Partly cloudy throughout the day.
2023-10-30,25.5,86.2,100,0,13.0,8.7,"Rain, Partially cloudy",Partly cloudy throughout the day with late afternoon rain.
2023-10-31,25.7,83.1,0,0,18.4,8.8,Partially cloudy,Partly cloudy throughout the day.
2023-11-01,25.7,75.6,0,0,29.5,9.3,Partially cloudy,Partly cloudy throughout the day.
2023-11-02,25.2,85.6,100,0,33.5,8.2,"Rain, Partially cloudy",Partly cloudy throughout the day with rain.
2023-11-03,25.4,82.7,100,0,31.7,8.7,"Rain, Partially cloudy",Partly cloudy throughout the day with late afternoon rain.
2023-11-04,25.0,90.0,100,0,24.1,8.9,"Rain, Partially cloudy",Partly cloudy throughout the day with late afternoon rain.
2023-11-05,25.0,82.3,0,0,25.9,9.0,Partially cloudy,Partly cloudy throughout the day.
2023-11-06,21.8,80.5,0,0,24.1,8.4,Partially cloudy,Partly cloudy throughout the day.
2023-11-07,21.4,86.3,100,0,22.3,8.8,"Rain, Partially cloudy",Partly cloudy throughout the day with afternoon rain.
2023-11-08,23.1,81.2,0,0,22.3,8.9,Partially cloudy,Partly cloudy throughout the day.
2023-11-09,24.6,80.0,0,0,18.4,9.3,Partially cloudy,Partly cloudy throughout the day.
2023-11-10,26.6,83.3,0,0,20.5,9.0,Partially cloudy,Partly cloudy throughout the day.
2023-11-11,26.6,83.2,0,0,22.3,9.0,Partially cloudy,Partly cloudy throughout the day.
2023-11-12,25.2,82.8,0,0,24.1,9.0,Partially cloudy,Partly cloudy throughout the day.
2023-11-13,25.8,80.0,0,0,25.9,9.2,Partially cloudy,Partly cloudy throughout the day.
2023-11-14,25.2,82.1,0,0,18.4,9.0,Partially cloudy,Partly cloudy throughout the day.
2023-11-15,24.8,87.1,100,0,16.6,8.4,"Rain, Partially cloudy",Partly cloudy throughout the day with late afternoon rain.
2023-11-16,23.9,85.6,0,0,13.0,8.1,Partially cloudy,Partly cloudy throughout the day.
2023-11-17,23.6,85.2,0,0,16.6,8.1,Partially cloudy,Partly cloudy throughout the day.
2023-11-18,24.0,83.6,100,0,22.3,8.4,"Rain, Partially cloudy",Partly cloudy throughout the day with morning rain.
2023-11-19,22.5,80.0,100,0,20.5,8.9,"Rain, Partially cloudy",Partly cloudy throughout the day with late afternoon rain.
2023-11-20,21.9,80.6,0,0,18.4,9.0,Partially cloudy,Partly cloudy throughout the day.
2023-11-21,24.3,79.2,0,0,16.6,9.0,Partially cloudy,Partly cloudy throughout the day.
2023-11-22,24.1,81.1,0,0,13.0,8.6,Partially cloudy,Partly cloudy throughout the day.
2023-11-23,24.1,80.5,0,0,18.4,7.6,Partially cloudy,Partly cloudy throughout the day.
2023-11-24,25.0,81.8,0,0,14.8,9.0,Partially cloudy,Partly cloudy throughout the day.
2023-11-25,24.5,78.6,0,0,13.0,9.3,Partially cloudy,Partly cloudy throughout the day.
2023-11-26,25.3,79.2,0,0,11.2,9.0,Partially cloudy,Partly cloudy throughout the day.
2023-11-27,24.1,88.0,100,0,22.3,8.3,"Rain, Partially cloudy",Partly cloudy throughout the day with late afternoon rain.
2023-11-28,23.2,75.1,0,0,25.9,9.0,Partially cloudy,Partly cloudy throughout the day.
2023-11-29,21.3,85.3,0,0,22.3,8.6,Partially cloudy,Partly cloudy throughout the day.
2023-11-30,23.1,78.4,0,0,18.4,8.7,Partially cloudy,Partly cloudy throughout the day.
2023-12-01,25.0,79.2,0,0,13.0,9.0,Partially cloudy,Partly cloudy throughout the day.
2023-12-02,24.3,84.4,0,0,11.2,8.7,Partially cloudy,Partly cloudy throughout the day.
2023-12-03,23.8,79.9,0,0,11.2,8.1,Partially cloudy,Partly cloudy throughout the day.
2023-12-04,23.5,81.1,0,0,16.6,7.3,Partially cloudy,Partly cloudy throughout the day.
2023-12-05,23.7,85.0,0,0,20.5,7.1,Partially cloudy,Partly cloudy throughout the day.
2023-12-06,23.0,66.8,0,0,31.7,9.0,Partially cloudy,Partly cloudy throughout the day.
2023-12-07,20.5,69.3,0,0,24.1,9.0,Partially cloudy,Partly cloudy throughout the day.
2023-12-08,21.7,75.1,0,0,16.6,9.0,Partially cloudy,Partly cloudy throughout the day.
2023-12-09,24.2,77.2,0,0,16.6,9.0,Partially cloudy,Partly cloudy throughout the day.
2023-12-10,25.0,77.0,0,0,25.9,9.0,Partially cloudy,Partly cloudy throughout the day.
2023-12-11,22.4,75.2,0,0,27.7,8.8,Overcast,Cloudy skies throughout the day.
2023-12-12,23.6,81.0,0,0,27.7,8.6,Partially cloudy,Partly cloudy throughout the day.
2023-12-13,24.2,85.9,100,0,29.5,8.4,"Rain, Partially cloudy",Partly cloudy throughout the day with rain.
2023-12-14,24.1,79.7,0,0,35.3,9.0,Partially cloudy,Partly cloudy throughout the day.
2023-12-15,23.7,79.2,0,0,29.5,9.0,Partially cloudy,Partly cloudy throughout the day.
2023-12-16,22.8,88.8,100,0,20.5,8.4,"Rain, Partially cloudy",Partly cloudy throughout the day with late afternoon rain.
2023-12-17,22.7,88.3,100,0,22.3,8.5,"Rain, Partially cloudy",Partly cloudy throughout the day with rain.
2023-12-18,21.6,69.2,100,0,25.9,9.0,"Rain, Partially cloudy",Partly cloudy throughout the day with early morning rain.
2023-12-19,19.0,65.2,0,0,27.7,9.0,Partially cloudy,Partly cloudy throughout the day.
2023-12-20,19.4,73.4,100,0,29.5,8.8,"Rain, Partially cloudy",Partly cloudy throughout the day with late afternoon rain.
2023-12-21,20.9,71.5,0,0,27.7,9.0,Partially cloudy,Partly cloudy throughout the day.
2023-12-22,21.1,74.7,0,0,25.9,9.0,Partially cloudy,Partly cloudy throughout the day.
2023-12-23,19.9,79.3,0,0,25.9,9.0,Partially cloudy,Partly cloudy throughout the day.
2023-12-24,23.0,76.1,0,0,20.5,9.0,Partially cloudy,Partly cloudy throughout the day.
2023-12-25,23.0,86.5,100,0,16.6,8.7,"Rain, Partially cloudy",Partly cloudy throughout the day with late afternoon rain.
2023-12-26,22.6,87.9,0,0,14.8,8.7,Partially cloudy,Partly cloudy throughout the day.
2023-12-27,21.8,86.1,0,0,16.6,8.4,Partially cloudy,Partly cloudy throughout the day.
2023-12-28,20.1,89.7,100,0,27.7,7.7,"Rain, Partially cloudy",Partly cloudy throughout the day with rain.
2023-12-29,18.7,86.0,0,0,16.6,9.0,Partially cloudy,Partly cloudy throughout the day.
2023-12-30,18.3,87.8,100,0,11.2,8.3,"Rain, Partially cloudy",Partly cloudy throughout the day with morning rain.
2023-12-31,16.7,80.7,0,0,18.4,8.7,Partially cloudy,Partly cloudy throughout the day.
2024-01-01,16.0,81.9,0,0,20.5,7.9,Partially cloudy,Partly cloudy throughout the day.
2024-01-02,16.0,81.0,0,0,24.1,8.0,Partially cloudy,Partly cloudy throughout the day.
2024-01-03,16.9,78.6,0,0,11.2,8.8,Partially cloudy,Partly cloudy throughout the day.
2024-01-04,20.5,83.2,100,0,18.4,8.8,"Rain, Partially cloudy",Partly cloudy throughout the day with late afternoon rain.
2024-01-05,21.9,82.2,0,0,14.8,7.8,Partially cloudy,Partly cloudy throughout the day.
2024-01-06,24.6,85.7,0,0,24.1,8.9,Partially cloudy,Partly cloudy throughout the day.
2024-01-07,25.0,85.7,0,0,20.5,8.4,Partially cloudy,Partly cloudy throughout the day.
2024-01-08,24.0,84.0,0,0,18.4,8.7,Partially cloudy,Partly cloudy throughout the day.
2024-01-09,24.9,84.1,0,0,25.9,8.7,Partially cloudy,Partly cloudy throughout the day.
2024-01-10,22.8,89.2,100,0,18.4,7.5,"Rain, Overcast",Cloudy skies throughout the day with rain.
2024-01-11,24.5,89.6,100,0,13.0,8.2,"Rain, Partially cloudy",Partly cloudy throughout the day with late afternoon rain.
2024-01-12,25.8,86.5,0,0,25.9,8.9,Partially cloudy,Partly cloudy throughout the day.
2024-01-13,25.3,85.8,0,0,22.3,7.9,Partially cloudy,Partly cloudy throughout the day.
2024-01-14,25.1,83.6,0,0,14.8,7.2,Partially cloudy,Partly cloudy throughout the day.
2024-01-15,23.9,86.4,0,0,14.8,7.9,Partially cloudy,Partly cloudy throughout the day.
2024-01-16,24.5,86.6,0,0,18.4,8.3,Partially cloudy,Partly cloudy throughout the day.
2024-01-17,22.6,90.0,100,0,20.5,8.0,"Rain, Overcast",Cloudy skies throughout the day with late afternoon rain.
2024-01-18,23.6,84.2,0,0,11.2,7.4,Partially cloudy,Partly cloudy throughout the day.
2024-01-19,23.3,82.0,0,0,14.8,6.2,Partially cloudy,Partly cloudy throughout the day.
2024-01-20,21.9,80.5,0,0,25.9,8.2,Partially cloudy,Partly cloudy throughout the day.
2024-01-21,21.2,69.8,0,0,35.3,9.0,Partially cloudy,Partly cloudy throughout the day.
2024-01-22,22.7,72.4,0,0,29.5,9.0,Partially cloudy,Partly cloudy throughout the day.
2024-01-23,23.3,81.8,0,0,20.5,8.5,Partially cloudy,Partly cloudy throughout the day.
2024-01-24,25.3,82.0,100,0,20.5,8.7,"Rain, Partially cloudy",Partly cloudy throughout the day with morning rain.
2024-01-25,24.9,80.4,0,0,17.3,8.8,Partially cloudy,Partly cloudy throughout the day.
2024-01-26,23.7,80.9,0,0,16.6,9.0,Partially cloudy,Partly cloudy throughout the day.
2024-01-27,23.7,81.2,0,0,16.6,8.4,Partially cloudy,Partly cloudy throughout the day.
2024-01-28,23.1,81.8,0,0,24.1,6.3,Partially cloudy,Partly cloudy throughout the day.
2024-01-29,20.7,57.8,0,0,29.5,9.0,Partially cloudy,Partly cloudy throughout the day.
2024-01-30,18.8,62.6,0,0,14.8,9.0,Partially cloudy,Partly cloudy throughout the day.
2024-01-31,18.8,70.6,0,0,24.1,8.9,Partially cloudy,Partly cloudy throughout the day.
2024-02-01,17.1,77.9,0,0,20.5,8.2,Partially cloudy,Partly cloudy throughout the day.
2024-02-02,16.8,79.6,0,0,14.8,8.2,Partially cloudy,Partly cloudy throughout the day.
2024-02-03,18.9,74.6,0,0,13.0,8.3,Clear,Clear conditions throughout the day.
2024-02-04,20.3,87.7,100,0,20.5,8.7,"Rain, Partially cloudy",Partly cloudy throughout the day with rain.
2024-02-05,18.8,86.2,100,0,38.9,7.0,"Rain, Partially cloudy",Partly cloudy throughout the day with late afternoon rain.
2024-02-06,18.8,70.0,100,0,31.7,8.5,"Rain, Partially cloudy",Partly cloudy throughout the day with rain.
2024-02-07,18.4,66.4,0,0,24.1,9.0,Partially cloudy,Partly cloudy throughout the day.
2024-02-08,18.0,77.5,0,0,22.3,8.7,Partially cloudy,Partly cloudy throughout the day.
2024-02-09,20.2,70.1,0,0,22.3,8.8,Partially cloudy,Partly cloudy throughout the day.
2024-02-10,21.6,72.7,0,0,18.4,9.0,Partially cloudy,Partly cloudy throughout the day.
2024-02-11,23.8,76.3,0,0,16.6,9.0,Partially cloudy,Partly cloudy throughout the day.
2024-02-12,24.2,81.4,0,0,27.7,9.0,Partially cloudy,Partly cloudy throughout the day.
2024-02-13,22.3,90.9,100,0,25.9,6.6,"Rain, Partially cloudy",Partly cloudy throughout the day with rain.
2024-02-14,20.2,78.1,0,0,22.3,8.7,Partially cloudy,Partly cloudy throughout the day.
2024-02-15,21.3,82.2,0,0,22.3,9.0,Partially cloudy,Partly cloudy throughout the day.
2024-02-16,22.5,81.9,0,0,13.0,8.9,Partially cloudy,Partly cloudy throughout the day.
2024-02-17,23.4,83.7,0,0,20.5,6.7,Partially cloudy,Partly cloudy throughout the day.
2024-02-18,23.1,92.6,100,0,25.9,8.3,"Rain, Partially cloudy",Partly cloudy throughout the day with rain.
2024-02-19,21.2,75.4,100,0,25.9,9.0,"Rain, Partially cloudy",Partly cloudy throughout the day with early morning rain.
2024-02-20,17.9,65.3,0,0,27.7,9.0,Partially cloudy,Partly cloudy throughout the day.
2024-02-21,18.1,64.2,0,0,25.9,9.3,Partially cloudy,Partly cloudy throughout the day.
2024-02-22,16.9,74.8,0,0,22.3,8.6,Partially cloudy,Partly cloudy throughout the day.
2024-02-23,19.2,75.1,0,0,18.4,9.0,Partially cloudy,Partly cloudy throughout the day.
2024-02-24,19.1,79.5,100,0,24.1,8.9,"Rain, Partially cloudy",Partly cloudy throughout the day with late afternoon rain.
2024-02-25,17.2,66.3,0,0,24.1,9.1,Clear,Clear conditions throughout the day.
2024-02-26,17.5,72.9,0,0,25.9,8.6,Clear,Partly cloudy throughout the day.
2024-02-27,21.7,69.0,0,0,18.4,9.0,Clear,Clear conditions throughout the day.
2024-02-28,23.7,72.3,0,0,14.8,8.8,Partially cloudy,Partly cloudy throughout the day.
2024-02-29,23.4,78.2,0,0,24.1,8.2,Partially cloudy,Partly cloudy throughout the day.
2024-03-01,24.5,77.0,100,0,16.6,8.7,"Rain, Partially cloudy",Partly cloudy throughout the day with afternoon rain.
2024-03-02,24.0,79.0,0,0,13.0,8.9,Partially cloudy,Partly cloudy throughout the day.
2024-03-03,23.8,78.8,0,0,14.8,8.9,Partially cloudy,Partly cloudy throughout the day.
2024-03-04,24.1,77.9,0,0,16.6,8.5,Partially cloudy,Becoming cloudy in the afternoon.
2024-03-05,24.5,78.6,0,0,16.6,8.0,Partially cloudy,Partly cloudy throughout the day.
2024-03-06,24.5,81.6,0,0,18.4,8.4,Partially cloudy,Partly cloudy throughout the day.
2024-03-07,25.0,79.9,0,0,18.4,8.4,Partially cloudy,Partly cloudy throughout the day.
2024-03-08,25.8,79.7,0,0,18.4,8.7,Partially cloudy,Partly cloudy throughout the day.
2024-03-09,26.3,79.5,0,0,20.5,8.5,Partially cloudy,Partly cloudy throughout the day.
2024-03-10,25.9,81.9,0,0,20.5,8.3,Partially cloudy,Partly cloudy throughout the day.
2024-03-11,25.0,72.5,100,0,22.3,9.0,"Rain, Partially cloudy",Partly cloudy throughout the day with late afternoon rain.
2024-03-12,25.1,76.3,0,0,22.3,8.5,Partially cloudy,Partly cloudy throughout the day.
2024-03-13,24.3,83.2,100,0,18.4,8.0,"Rain, Partially cloudy",Partly cloudy throughout the day with late afternoon rain.
2024-03-14,24.0,77.5,0,0,25.9,8.3,Partially cloudy,Partly cloudy throughout the day.
2024-03-15,25.2,74.8,0,0,20.5,9.0,Partially cloudy,Partly cloudy throughout the day.
2024-03-16,25.9,76.4,0,0,14.8,8.5,Partially cloudy,Becoming cloudy in the afternoon.
2024-03-17,25.7,78.0,0,0,16.6,8.6,Partially cloudy,Partly cloudy throughout the day.
2024-03-18,26.3,78.0,0,0,16.6,8.7,Partially cloudy,Partly cloudy throughout the day.
2024-03-19,24.3,82.1,100,0,27.7,8.7,"Rain, Partially cloudy",Partly cloudy throughout the day with rain.
2024-03-20,23.3,80.1,0,0,20.5,8.5,Partially cloudy,Partly cloudy throughout the day.
2024-03-21,24.4,77.0,0,0,18.4,8.6,Partially cloudy,Becoming cloudy in the afternoon.
2024-03-22,24.5,75.6,100,0,24.1,8.2,"Rain, Partially cloudy",Partly cloudy throughout the day with late afternoon rain.
2024-03-23,23.8,88.0,100,0,25.9,8.0,"Rain, Partially cloudy",Partly cloudy throughout the day with rain.
2024-03-24,22.1,71.7,0,0,20.5,9.0,Partially cloudy,Partly cloudy throughout the day.
2024-03-25,23.0,70.0,0,0,18.4,9.3,Partially cloudy,Partly cloudy throughout the day.
2024-03-26,24.9,75.7,0,0,22.3,9.0,Partially cloudy,Partly cloudy throughout the day.
2024-03-27,26.2,77.6,0,0,24.1,8.8,Partially cloudy,Partly cloudy throughout the day.
2024-03-28,24.0,83.4,100,0,27.7,8.5,"Rain, Partially cloudy",Partly cloudy throughout the day with rain in the morning and afternoon.
2024-03-29,22.6,61.4,100,0,29.5,9.0,"Rain, Partially cloudy",Partly cloudy throughout the day with late afternoon rain.
2024-03-30,21.9,66.9,0,0,25.9,9.0,Partially cloudy,Partly cloudy throughout the day.
2024-03-31,22.4,71.0,0,0,25.9,9.0,Partially cloudy,Partly cloudy throughout the day.
2024-04-01,24.6,71.2,0,0,14.8,8.5,Partially cloudy,Partly cloudy throughout the day.
2024-04-02,25.1,77.4,0,0,22.3,8.6,Partially cloudy,Partly cloudy throughout the day.
2024-04-03,26.6,80.1,0,0,27.7,9.0,Partially cloudy,Partly cloudy throughout the day.
2024-04-04,23.8,87.1,100,0,20.5,8.0,"Rain, Partially cloudy",Partly cloudy throughout the day with rain.
2024-04-05,23.0,68.9,0,0,18.4,9.0,Partially cloudy,Partly cloudy throughout the day.
2024-04-06,20.7,68.3,0,0,24.1,9.4,Clear,Clear conditions throughout the day.
2024-04-07,20.0,68.6,0,0,20.5,9.3,Clear,Clear conditions throughout the day.
2024-04-08,22.0,69.2,0,0,31.7,9.0,Partially cloudy,Partly cloudy throughout the day.
2024-04-09,24.6,67.9,0,0,18.4,9.3,Partially cloudy,Partly cloudy throughout the day.
2024-04-10,25.8,75.0,0,0,22.3,9.0,Partially cloudy,Partly cloudy throughout the day.
2024-04-11,27.3,80.7,0,0,27.7,9.0,Partially cloudy,Partly cloudy throughout the day.
2024-04-12,24.7,80.7,0,0,24.1,8.9,Partially cloudy,Partly cloudy throughout the day.
2024-04-13,23.1,66.0,0,0,29.5,9.2,Partially cloudy,Partly cloudy throughout the day.
2024-04-14,21.7,73.4,0,0,27.7,8.8,Partially cloudy,Partly cloudy throughout the day.
2024-04-15,22.1,72.6,0,0,29.5,9.0,Partially cloudy,Partly cloudy throughout the day.
2024-04-16,23.0,73.8,0,0,29.5,9.0,Partially cloudy,Partly cloudy throughout the day.
2024-04-17,25.0,73.7,0,0,31.7,9.0,Partially cloudy,Partly cloudy throughout the day.
2024-04-18,23.7,71.1,0,0,25.9,9.2,Partially cloudy,Partly cloudy throughout the day.
2024-04-19,24.6,74.7,0,0,25.9,9.4,Partially cloudy,Partly cloudy throughout the day.
2024-04-20,25.3,71.0,0,0,22.3,9.3,Partially cloudy,Partly cloudy throughout the day.
2024-04-21,25.6,73.9,0,0,18.4,9.0,Partially cloudy,Partly cloudy throughout the day.
2024-04-22,24.2,76.0,0,0,24.1,7.7,Partially cloudy,Partly cloudy throughout the day.
2024-04-23,25.9,71.1,0,0,24.1,9.0,Partially cloudy,Partly cloudy throughout the day.
2024-04-24,24.4,77.0,0,0,27.7,8.7,Partially cloudy,Partly cloudy throughout the day.
2024-04-25,23.5,70.2,0,0,27.7,9.2,Clear,Clear conditions throughout the day.
2024-04-26,24.0,68.9,0,0,33.5,9.0,Partially cloudy,Partly cloudy throughout the day.
2024-04-27,25.3,68.0,0,0,35.3,9.0,Partially cloudy,Partly cloudy throughout the day.
2024-04-28,25.7,65.8,0,0,29.5,9.0,Partially cloudy,Partly cloudy throughout the day.
2024-04-29,25.5,69.9,0,0,27.7,9.3,Partially cloudy,Partly cloudy throughout the day.
2024-04-30,25.3,75.2,0,0,18.4,8.9,Partially cloudy,Partly cloudy throughout the day.
2024-05-01,25.2,77.3,0,0,25.9,8.6,Partially cloudy,Partly cloudy throughout the day.
2024-05-02,25.8,77.9,0,0,31.7,9.4,Partially cloudy,Partly cloudy throughout the day.
2024-05-03,25.5,74.4,0,0,33.5,9.0,Partially cloudy,Partly cloudy throughout the day.
2024-05-04,25.9,76.4,0,0,27.7,8.7,Partially cloudy,Partly cloudy throughout the day.
2024-05-05,27.0,74.2,0,0,22.3,9.2,Partially cloudy,Partly cloudy throughout the day.
2024-05-06,27.0,77.0,100,0,27.7,9.0,"Rain, Partially cloudy",Partly cloudy throughout the day with late afternoon rain.
2024-05-07,27.5,75.6,0,0,20.5,9.3,Partially cloudy,Partly cloudy throughout the day.
2024-05-08,27.9,74.3,0,0,14.8,9.0,Partially cloudy,Partly cloudy throughout the day.
2024-05-09,28.0,75.3,0,0,18.4,9.0,Partially cloudy,Partly cloudy throughout the day.
2024-05-10,28.0,73.9,0,0,16.6,9.2,Partially cloudy,Partly cloudy throughout the day.
2024-05-11,28.3,72.4,0,0,18.4,8.0,Partially cloudy,Partly cloudy throughout the day.
2024-05-12,28.0,76.7,0,0,18.4,8.2,Partially cloudy,Partly cloudy throughout the day.
2024-05-13,29.2,69.3,0,0,20.5,9.0,Partially cloudy,Partly cloudy throughout the day.
2024-05-14,29.3,74.9,0,0,24.1,9.0,Partially cloudy,Partly cloudy throughout the day.
2024-05-15,29.8,72.6,0,0,24.1,9.2,Partially cloudy,Partly cloudy throughout the day.
2024-05-16,29.6,69.9,0,0,24.1,9.0,Partially cloudy,Partly cloudy throughout the day.
2024-05-17,29.5,72.9,0,0,22.3,9.0,Partially cloudy,Partly cloudy throughout the day.
2024-05-18,29.6,75.1,0,0,24.1,9.0,Partially cloudy,Partly cloudy throughout the day.
2024-05-19,29.9,71.1,0,0,14.8,9.2,Partially cloudy,Partly cloudy throughout the day.
2024-05-20,28.2,75.5,100,0,18.4,8.6,"Rain, Partially cloudy",Partly cloudy throughout the day with late afternoon rain.
2024-05-21,26.3,76.4,100,0,37.9,8.9,"Rain, Partially cloudy",Partly cloudy throughout the day with late afternoon rain.
2024-05-22,26.4,74.4,100,0,22.3,9.0,"Rain, Partially cloudy",Becoming cloudy in the afternoon with late afternoon rain.
2024-05-23,27.9,70.3,0,0,24.1,9.0,Partially cloudy,Partly cloudy throughout the day.
2024-05-24,28.0,66.2,0,0,24.1,9.2,Partially cloudy,Partly cloudy throughout the day.
2024-05-25,27.9,63.7,0,0,24.1,9.5,Partially cloudy,Partly cloudy throughout the day.
2024-05-26,28.9,69.9,0,0,13.0,9.0,Partially cloudy,Partly cloudy throughout the day.
2024-05-27,29.5,71.3,0,0,20.5,9.2,Partially cloudy,Becoming cloudy in the afternoon.
2024-05-28,29.5,65.8,0,0,25.9,9.0,Partially cloudy,Partly cloudy throughout the day.
2024-05-29,28.8,71.9,0,0,24.1,9.4,Clear,Clear conditions throughout the day.
2024-05-30,28.7,71.3,0,0,20.5,9.0,Partially cloudy,Partly cloudy throughout the day.
2024-05-31,27.8,76.8,100,0,20.5,9.0,"Rain, Partially cloudy",Partly cloudy throughout the day with late afternoon rain.
2024-06-01,28.8,65.6,0,0,31.7,9.3,Partially cloudy,Partly cloudy throughout the day.
2024-06-02,27.7,69.6,0,0,25.9,9.0,Partially cloudy,Partly cloudy throughout the day.
2024-06-03,26.8,75.4,100,0,27.7,8.8,"Rain, Partially cloudy",Partly cloudy throughout the day with late afternoon rain.
2024-06-04,27.2,78.1,100,0,17.4,8.8,"Rain, Partially cloudy",Partly cloudy throughout the day with rain.
2024-06-05,27.6,82.4,100,0,18.4,8.7,"Rain, Partially cloudy",Partly cloudy throughout the day with late afternoon rain.
2024-06-06,28.0,81.6,100,0,13.0,9.1,"Rain, Partially cloudy",Partly cloudy throughout the day with late afternoon rain.
2024-06-07,26.8,87.3,100,0,14.8,8.0,"Rain, Partially cloudy",Partly cloudy throughout the day with late afternoon rain.
2024-06-08,26.0,88.8,100,0,16.6,8.9,"Rain, Partially cloudy",Partly cloudy throughout the day with rain.
2024-06-09,26.8,87.7,100,0,18.4,8.6,"Rain, Partially cloudy",Partly cloudy throughout the day with rain.
2024-06-10,26.8,87.6,100,0,22.3,8.9,"Rain, Partially cloudy",Partly cloudy throughout the day with rain.
2024-06-11,27.2,89.4,100,0,24.1,7.3,"Rain, Partially cloudy",Partly cloudy throughout the day with rain.
2024-06-12,28.5,86.0,100,0,24.1,7.7,"Rain, Partially cloudy",Partly cloudy throughout the day with rain.
2024-06-13,27.3,88.0,100,0,20.5,8.0,"Rain, Partially cloudy",Partly cloudy throughout the day with rain.
2024-06-14,26.3,87.0,100,0,18.4,8.5,"Rain, Overcast",Cloudy skies throughout the day with rain clearing later.
2024-06-15,26.8,89.9,100,0,22.3,8.0,"Rain, Partially cloudy",Partly cloudy throughout the day with rain.
2024-06-16,28.3,76.9,0,0,18.4,9.1,Partially cloudy,Partly cloudy throughout the day.
2024-06-17,26.9,81.6,100,0,25.9,8.2,"Rain, Partially cloudy",Partly cloudy throughout the day with late afternoon rain.
2024-06-18,26.9,86.0,100,0,16.6,8.7,"Rain, Partially cloudy",Partly cloudy throughout the day with late afternoon rain.
2024-06-19,26.2,84.8,100,0,33.5,8.5,"Rain, Partially cloudy",Partly cloudy throughout the day with rain.
2024-06-20,26.0,86.8,100,0,27.7,8.7,"Rain, Partially cloudy",Partly cloudy throughout the day with late afternoon rain.
2024-06-21,26.4,88.3,100,0,22.3,8.3,"Rain, Partially cloudy",Partly cloudy throughout the day with late afternoon rain.
2024-06-22,25.4,92.6,100,0,14.8,8.0,"Rain, Partially cloudy",Partly cloudy throughout the day with late afternoon rain.
2024-06-23,26.0,87.3,100,0,22.3,8.7,"Rain, Partially cloudy",Partly cloudy throughout the day with late afternoon rain.
2024-06-24,25.6,87.5,100,0,21.9,8.9,"Rain, Partially cloudy",Partly cloudy throughout the day with late afternoon rain.
2024-06-25,26.8,82.4,100,0,14.8,8.3,"Rain, Partially cloudy",Partly cloudy throughout the day with late afternoon rain.
2024-06-26,26.9,83.0,100,0,25.9,8.7,"Rain, Partially cloudy",Partly cloudy throughout the day with late afternoon rain.
2024-06-27,26.8,84.0,100,0,18.4,7.6,"Rain, Partially cloudy",Becoming cloudy in the afternoon with late afternoon rain.
2024-06-28,25.7,91.2,100,0,16.6,8.2,"Rain, Partially cloudy",Partly cloudy throughout the day with rain.
2024-06-29,26.8,84.0,100,0,22.3,8.4,"Rain, Partially cloudy",Partly cloudy throughout the day with late afternoon rain.
2024-06-30,27.5,87.0,100,0,25.9,8.9,"Rain, Partially cloudy",Partly cloudy throughout the day with afternoon rain.
2024-07-01,26.1,91.5,100,0,18.4,8.4,"Rain, Partially cloudy",Partly cloudy throughout the day with late afternoon rain.
2024-07-02,28.1,79.3,0,0,22.3,9.3,Partially cloudy,Partly cloudy throughout the day.
2024-07-03,28.6,83.5,0,0,29.5,8.7,Partially cloudy,Partly cloudy throughout the day.
2024-07-04,28.8,86.0,0,0,25.9,8.9,Partially cloudy,Partly cloudy throughout the day.
2024-07-05,29.1,78.3,0,0,16.6,9.0,Partially cloudy,Partly cloudy throughout the day.
2024-07-06,29.1,77.5,0,0,14.8,8.7,Partially cloudy,Partly cloudy throughout the day.
2024-07-07,28.3,82.5,0,0,20.5,8.5,Partially cloudy,Partly cloudy throughout the day.
2024-07-08,29.1,77.0,100,0,14.8,9.0,"Rain, Partially cloudy",Becoming cloudy in the afternoon with late afternoon rain.
2024-07-09,28.1,83.4,0,0,16.6,8.9,Partially cloudy,Becoming cloudy in the afternoon.
2024-07-10,28.9,77.8,0,0,22.3,9.0,Partially cloudy,Partly cloudy throughout the day.
2024-07-11,27.6,79.4,100,0,20.5,8.6,"Rain, Partially cloudy",Partly cloudy throughout the day with late afternoon rain.
2024-07-12,27.8,74.9,0,0,22.3,9.0,Partially cloudy,Partly cloudy throughout the day.
2024-07-13,28.0,82.6,100,0,24.1,9.0,"Rain, Partially cloudy",Partly cloudy throughout the day with afternoon rain.
2024-07-14,28.0,86.6,100,0,18.4,8.5,"Rain, Partially cloudy",Partly cloudy throughout the day with rain.
2024-07-15,27.1,84.9,0,0,20.5,8.5,Partially cloudy,Partly cloudy throughout the day.
2024-07-16,26.6,88.9,100,0,16.6,8.7,"Rain, Partially cloudy",Partly cloudy throughout the day with late afternoon rain.
2024-07-17,26.8,86.3,100,0,14.8,8.8,"Rain, Partially cloudy",Partly cloudy throughout the day with late afternoon rain.
2024-07-18,28.7,79.4,100,0,18.4,9.0,"Rain, Partially cloudy",Partly cloudy throughout the day with late afternoon rain.
2024-07-19,28.6,73.8,0,0,16.6,8.9,Partially cloudy,Partly cloudy throughout the day.
2024-07-20,27.5,79.4,100,0,18.4,8.5,"Rain, Partially cloudy",Partly cloudy throughout the day with late afternoon rain.
2024-07-21,26.9,88.9,0,0,27.7,7.7,Partially cloudy,Partly cloudy throughout the day.
2024-07-22,27.5,83.4,100,0,22.3,8.8,"Rain, Partially cloudy",Partly cloudy throughout the day with late afternoon rain.
2024-07-23,28.8,80.6,0,0,22.3,8.5,Partially cloudy,Partly cloudy throughout the day.
2024-07-24,27.5,87.1,100,0,22.3,8.9,"Rain, Partially cloudy",Partly cloudy throughout the day with late afternoon rain.
2024-07-25,28.1,81.4,100,0,16.6,9.0,"Rain, Partially cloudy",Becoming cloudy in the afternoon with late afternoon rain.
2024-07-26,27.1,82.0,100,0,13.0,8.9,"Rain, Partially cloudy",Partly cloudy throughout the day with late afternoon rain.
2024-07-27,27.1,81.1,100,0,11.2,8.6,"Rain, Partially cloudy",Partly cloudy throughout the day with late afternoon rain.
2024-07-28,28.2,76.8,0,0,18.4,9.0,Partially cloudy,Partly cloudy throughout the day.
2024-07-29,28.8,79.9,0,0,20.5,8.2,Partially cloudy,Partly cloudy throughout the day.
2024-07-30,28.1,85.0,100,0,20.5,8.0,"Rain, Partially cloudy",Partly cloudy throughout the day with late afternoon rain.
2024-07-31,28.6,80.4,100,0,22.3,8.8,"Rain, Partially cloudy",Partly cloudy throughout the day with late afternoon rain.
2024-08-01,29.2,79.4,0,0,24.1,9.2,Partially cloudy,Partly cloudy throughout the day.
2024-08-02,26.6,91.5,100,0,22.3,8.8,"Rain, Partially cloudy",Partly cloudy throughout the day with late afternoon rain.
2024-08-03,25.8,91.9,100,0,22.3,7.0,"Rain, Overcast",Cloudy skies throughout the day with rain.
2024-08-04,26.0,92.0,100,0,22.3,8.4,"Rain, Partially cloudy",Partly cloudy throughout the day with rain.
2024-08-05,28.5,84.8,0,0,16.6,9.0,Partially cloudy,Partly cloudy throughout the day.
2024-08-06,28.3,83.0,0,0,16.6,9.0,Partially cloudy,Partly cloudy throughout the day.
2024-08-07,28.3,83.5,0,0,20.5,9.1,Partially cloudy,Partly cloudy throughout the day.
2024-08-08,28.1,82.7,0,0,14.8,8.7,Partially cloudy,Partly cloudy throughout the day.
2024-08-09,26.8,88.6,100,0,22.3,8.2,"Rain, Partially cloudy",Partly cloudy throughout the day with late afternoon rain.
2024-08-10,27.2,83.1,100,0,18.4,9.0,"Rain, Partially cloudy",Becoming cloudy in the afternoon with late afternoon rain.
2024-08-11,28.4,81.1,100,0,18.4,8.6,"Rain, Partially cloudy",Partly cloudy throughout the day with rain.
2024-08-12,29.1,72.4,0,0,27.7,8.6,Partially cloudy,Partly cloudy throughout the day.
2024-08-13,26.9,89.1,0,0,20.5,8.0,Partially cloudy,Partly cloudy throughout the day.
2024-08-14,27.8,86.5,100,0,18.4,8.4,"Rain, Partially cloudy",Partly cloudy throughout the day with late afternoon rain.
2024-08-15,28.4,82.2,0,0,16.6,8.7,Partially cloudy,Becoming cloudy in the afternoon.
2024-08-16,28.0,82.9,0,0,14.8,8.3,Partially cloudy,Partly cloudy throughout the day.
2024-08-17,27.4,87.7,100,0,16.6,8.5,"Rain, Partially cloudy",Partly cloudy throughout the day with late afternoon rain.
2024-08-18,27.0,88.6,100,0,9.4,8.6,"Rain, Partially cloudy",Partly cloudy throughout the day with late afternoon rain.
2024-08-19,27.8,80.3,100,0,20.2,7.2,"Rain, Partially cloudy",Becoming cloudy in the afternoon with late afternoon rain.
2024-08-20,27.8,81.9,100,0,27.7,8.3,"Rain, Partially cloudy",Partly cloudy throughout the day with late afternoon rain.
2024-08-21,27.0,81.6,100,0,20.5,8.9,"Rain, Partially cloudy",Partly cloudy throughout the day with late afternoon rain.
2024-08-22,26.9,86.6,0,0,25.9,8.5,Partially cloudy,Partly cloudy throughout the day.
2024-08-23,28.0,82.2,0,0,24.1,8.9,Partially cloudy,Partly cloudy throughout the day.
2024-08-24,26.3,85.0,100,0,20.5,8.7,"Rain, Partially cloudy",Partly cloudy throughout the day with late afternoon rain.
2024-08-25,26.4,89.2,100,0,22.3,8.9,"Rain, Partially cloudy",Partly cloudy throughout the day with late afternoon rain.
2024-08-26,26.2,91.3,100,0,11.2,8.6,"Rain, Partially cloudy",Partly cloudy throughout the day with late afternoon rain.
2024-08-27,27.5,85.9,0,0,20.5,8.8,Partially cloudy,Partly cloudy throughout the day.
2024-08-28,25.8,90.1,100,0,13.0,8.7,"Rain, Partially cloudy",Partly cloudy throughout the day with rain.
2024-08-29,26.1,88.3,100,0,16.6,8.3,"Rain, Partially cloudy",Partly cloudy throughout the day with late afternoon rain.
2024-08-30,25.8,90.7,100,0,18.4,8.4,"Rain, Partially cloudy",Partly cloudy throughout the day with late afternoon rain.
2024-08-31,26.3,88.9,0,0,13.0,9.0,Partially cloudy,Partly cloudy throughout the day.
2024-09-01,26.2,87.4,0,0,16.6,9.0,Partially cloudy,Partly cloudy throughout the day.
2024-09-02,26.0,91.2,100,0,14.8,8.7,"Rain, Partially cloudy",Partly cloudy throughout the day with late afternoon rain.
2024-09-03,27.0,87.2,100,0,13.0,9.0,"Rain, Partially cloudy",Partly cloudy throughout the day with afternoon rain.
2024-09-04,27.8,83.6,100,0,18.4,8.4,"Rain, Partially cloudy",Partly cloudy throughout the day with late afternoon rain.
2024-09-05,28.2,74.9,100,0,18.4,8.4,"Rain, Partially cloudy",Partly cloudy throughout the day with rain.
2024-09-06,28.5,59.3,0,0,14.8,9.0,Partially cloudy,Partly cloudy throughout the day.
2024-09-07,28.2,59.3,100,0,11.2,8.9,"Rain, Partially cloudy",Partly cloudy throughout the day with rain.
2024-09-08,28.3,59.3,100,0,11.2,9.0,"Rain, Partially cloudy",Partly cloudy throughout the day with rain.
2024-09-09,28.5,71.9,100,0,11.5,9.0,"Rain, Partially cloudy",Partly cloudy throughout the day with storms possible.
